Profile
Person,Experience,Company,Years
Person 1,Finance Manager,ABC Corp,2018-2021
Person 2,Finance Analyst,XYZ Inc.,2016-2018
Person 3,Content Writer,Coached.com,2020-Present
Person 4,Content Writer,Google,2017-2019
Person 5,Senior Finance Analyst,Morgan Stanley,2019-Present
Person 6,Finance Director,Wells Fargo,2018-Present
Person 7,SEO Content Writer,Coached.com,2016-2019
Person 8,Lead Content Writer,Twitter,2019-Present
Person 9,Finance Manager,Morgan Stanley,2019-Present
Person 10,Finance Director,Wells Fargo,2018-Present
Person 11,Senior Content Writer,Coached.com,2020-Present
Person 12,Content Writer Specialist,Facebook,2018-Present
Person 13,Lead Content Writer,Twitter,2019-Present
Person 14,Photographer,Resume Worded,2021-Present
Person 15,Photographer,Coached.com,2020-Present
Person 16,Photographer,Adobe,2019-Present
